Language,original,english,czech,german,russian,polish,hungarian,italian,spanish,french,chinese,japanese,portuguese,chinesesimp,
tpm_afk,AFK WARNING,AFK WARNING,AFK UPOZORNĚNÍ,AFK-WARNUNG,ПРЕДУПРЕЖДЕНИЕ AFK,OSTRZEŻENIE O AFK,AFK FIGYELMEZTETÉS,AVVISO AFK,ADVERTENCIA AFK,AVERTISSEMENT AFK,AFK警告,AFK警告,AVISO DE AFK,AFK警告,
tpm_afk_text,You're about to get kicked! Move way from your position now!,You're about to get kicked! Move way from your position now!,Chystáte se dostat kopačky! Okamžitě se posuňte ze své pozice!,Du wirst gleich getreten! Bewegen Sie sich jetzt von Ihrer Position weg!,Тебя вот-вот кикнут! Отойдите от своей позиции сейчас же!,Zaraz zostaniesz wyrzucony! Odsuń się od swojej pozycji już teraz!,Rúgni készülsz! Távolodjon el a pozíciójától most!,Stai per essere preso a calci! Allontanati dalla tua posizione ora!,¡Estás a punto de ser pateado! ¡Muévase de su posición ahora!,Vous êtes sur le point de vous faire virer ! Éloignez-vous de votre position maintenant !,你要被踢了！ 現在從你的位置移開！,あなたは蹴られようとしています！ 今あなたの位置から道を移動してください！,Você está prestes a ser chutado! Saia da sua posição agora!,你要被踢了！ 现在从你的位置移开！,
tpm_player_text,PLAYER PREVIEW,PLAYER PREVIEW,UKÁZKA HRÁČE,SPIELERVORSCHAU,ПРОСМОТР ИГРОКА,PODGLĄD GRACZA,A JÁTÉKOSOK ELŐNYE,ANTEPRIMA GIOCATORE,VISTA PREVIA DEL JUGADOR,APERÇU DU JOUEUR,球員預覽,プレイヤーのプレビュー,VISUALIZAÇÃO DO JOGADOR,球员预览,
tpm_back_inv,BACK TO INVENTORY,BACK TO INVENTORY,ZPĚT DO INVENTÁŘE,ZURÜCK ZUM INVENTAR,НАЗАД В ИНВЕНТАРЬ,POWRÓT DO INWENTARYZACJI,VISSZA A KÉSZLETEKHEZ,TORNA ALL'INVENTARIO,VOLVER AL INVENTARIO,RETOUR À L'INVENTAIRE,回到庫存,在庫に戻る,VOLTAR AO INVENTÁRIO,回到库存,
tpm_remove,REMOVE CLOTHES,REMOVE CLOTHES,ODSTRANIT OBLEČENÍ,KLEIDUNG ENTFERNEN,СНЯТЬ ОДЕЖДУ,ZDEJMIJ UBRANIA,Távolítsa el a ruhákat,TOGLI I VESTITI,QUITAR LA ROPA,DÉSHABILLER,脫衣服,服を脱ぐ,TIRAR A ROUPA,脱衣服,
tpm_reset,RESET CLOTHES,RESET CLOTHES,RESETOVAT OBLEČENÍ,KLEIDUNG ZURÜCKSETZEN,СБРОС ОДЕЖДЫ,RESETUJ UBRANIA,RUHÁK NULLÁLÁSA,RESET ABBIGLIAMENTO,REINICIAR ROPA,RÉINITIALISER LES VÊTEMENTS,重置衣服,服をリセット,REINICIAR ROUPA,重置衣服,
tpm_kit_preview,KIT PREVIEW,KIT PREVIEW,NÁHLED SADY,KIT-VORSCHAU,ПОКАЗАТЬ КОМПЛЕКТ,PODGLĄD ZESTAWU,KIT ÁTTEKINTÉS,ANTEPRIMA KIT,VISTA PREVIA DEL KIT,APERÇU DU KIT,套件預覽,キットプレビュー,PREVISÃO DE KIT,套件预览,
tpm_pristine,pristine,pristine,Nepoškozený,makellos,нетронуто,dziewiczy,ősi,incontaminato,prístino,parfait,原始的,新品同様,imaculado,原始的,
tpm_worn,worn,worn,Opotřebený,getragen,поношено,używany,kopott,logoro,gastado,porté,磨損,ボロボロになっている,desgastado,磨损,
tpm_damaged,damaged,damaged,Silně Opotřebený,beschädigt,повреждено,uszkodzony,sérült,danneggiato,dañado,endommagé,損壞的,損傷している,estragado,损坏的,
tpm_badly_dmg,badly damaged,badly damaged,Skoro Zničený,schwer beschädigt,Сильно повреждено,poważnie uszkodzony,súlyosan megsérült,danneggiato gravemente,muy dañada,gravement endommagé,嚴重受損,かなり損傷している,gravemente danificado,严重受损,
tpm_ruined,ruined,ruined,Zničený,ruiniert,уничтожено,zrujnowany,romos,rovinato,arruinado,ruiné,毀了,壊れている,arruinado,毁了,
tpm_trade,Trade,Trade,Obchodovat,Handel,Торговля,Handel,Kereskedelmi,Commercio,Comercio,Trade,貿易,トレード,Troca,贸易,
tpm_pack_vehicle,Pack Vehicle,Pack Vehicle,Sbalit vozidlo,Fahrzeug packen,Запаковать автомобиль,Spakuj pojazd,Csomagolja a járművet,Pacchetto veicolo,Paquete de vehículo,Pack Véhicule,包車,パック車両,Pacote de veículos,Pacote de veículos,包车
tpm_deploy_vehicle,Deploy Vehicle,Deploy Vehicle,Spawnutí vozidla,Fahrzeug bereitstellen,Развернуть автомобиль,Rozmieść pojazd,Telepítse a járművet,Distribuisci veicolo,Implementar vehículo,Déployer le véhicule,部署車輛,車両を配備,Implantar Veículo,部署车辆,
tpm_cant_be_sold,Sorry ! It can't be sold !,Sorry ! it can't be sold !,"Litujeme, toto nejde prodat!",Es kann leider nicht verkauft werden!,Это не может быть продано!,Niestety nie mozna go sprzedac!,Sajnos nem lehet eladni!,Purtroppo non è vendibile!,Desafortunadamente ! ¡no se puede vender!,L'ARTICLE NE PEUT ETRE TRADE !,對不起，不能賣！,ごめんなさい、売れません！,Infelizmente ! não pode ser vendido!,对不起，不能卖!,
tpm_cant_be_bought,SORRY ! YOU CAN'T BUY THIS ITEM,SORRY ! YOU CAN'T BUY THIS ITEM,"Litujeme, ale tuto položku nejde zakoupit!",ES TUT UNS LEID ! SIE KÖNNEN DIESEN ARTIKEL NICHT KAUFEN,ПРОСТИ ! ВЫ НЕ МОЖЕТЕ КУПИТЬ ЭТОТ ТОВАР,NIE MOŻESZ KUPIĆ TEGO PRZEDMIOTU,SAJNÁLOM ! NEM VÁLHATJA EZT A TÉTELET,SCUSA ! NON PUOI ACQUISTARE QUESTO ARTICOLO,LO SIENTO ! NO PUEDES COMPRAR ESTE ARTÍCULO,PARDON ! VOUS NE POUVEZ PAS ACHETER CET ARTICLE,對不起 ！ 你不能買這個項目,ごめんなさい ！ この商品は購入できません,DESCULPE ! VOCÊ NÃO PODE COMPRAR ESTE ARTIGO,对不起 ！ 你不能买这个项目,
tpm_already_bought,YOU ALREADY BOUGHT THIS PRODUCT!,YOU ALREADY BOUGHT THIS PRODUCT!,TENTO PRODUKT jste již koupili!,SIE HABEN DIESES PRODUKT BEREITS GEKAUFT!,ВЫ УЖЕ КУПИЛИ ДАННЫЙ ТОВАР!,KUPIŁEŚ JUŻ TEN PRODUKT!,MÁR VETTÉK EZT A TERMÉKET!,HAI GIÀ ACQUISTATO QUESTO PRODOTTO!,¡YA COMPRÓ ESTE PRODUCTO!,VOUS AVEZ DÉJÀ ACHETÉ CE PRODUIT !,您已經購買了該產品！,あなたはすでにこの製品を購入しました！,VOCÊ JÁ COMPROU ESTE PRODUTO!,您已经购买了该产品！,
tpm_tradeqty_over_itemqty,Trade quantity is over item quantity !,Trade quantity is over item quantity !,Objem obchodu presahuje množství zboží !,Die Handelsmenge übersteigt die Warenmenge !,Требуемое количество превышает количество товара!,Kwota handlu przekracza ilosc towarów !,A kereskedelem összege meghaladja az áruk mennyiségét,La quantità di scambi supera la quantità di merci !,La cantidad de comercio excede la cantidad de bienes !,La quantité requise pour trade est superieur a la quantité de l'item !,交易數量超過物品數量！,取引数量がアイテム数量を超えました!,A quantidade de comércio excede a quantidade de mercadorias !,交易数量超过物品数量！,
tpm_tradeqty_over_stockqty,Trade quantity is over stock capacity!,Trade quantity is over stock capacity!,Množství obchodu presahuje skladovou kapacitu!,Die Handelsmenge übersteigt die Lagerkapazitä!,Требуемое количество превышает складские остатки!,Wielkosc handlu przekracza pojemnosc magazynu!,A kereskedelem mennyisége meghaladja a készlet kapacitását !,Il volume degli scambi supera la capacità dello stock !,El volumen de comercio supera la capacidad del stock.,La quantité de trade est superieur à la capacité du stock !,交易量已超過庫存容量！,取引量が在庫容量を超えています!,O volume de negociação excede a capacidade do estoque !,交易量已超过库存容量！,
tpm_totalqty,TOTAL QUANTITY:,TOTAL QUANTITY:,CELKOVÉ MNOŽSTVÍ:,GESAMTMENGE:,ОБЩЕЕ КОЛИЧЕСТВО:,CALKOWITA ILOSC:,TELJES MENNYISÉG:,IMPORTO TOTALE:,CANTIDAD TOTAL:,QUANTITE TOTALE:,總數（量：,総量：,MONTANTE TOTAL:,总数（量：,
tpm_not_too_fast,NOT TOO FAST !,NOT TOO FAST !,NÉ TAK RYCHLE!,NICHT ZU SCHNELL!!,НЕ СЛИШКОМ БЫСТРО!,NIE TAK SZYBKO!,NEM TÚL GYORS!,NON TROPPO VELOCE!,NO DEMASIADO RAPIDO!,PAS SI VITE!,不要太快！,速すぎる!,NÃO DEMASIADO RÁPIDO!,不要太快！,
tpm_cant_trade_item,YOU CAN NOT TRADE THAT ITEM!,YOU CAN NOT TRADE THAT ITEM!,TUTO POLOŽKU NELZE VYMĚNIT!,SIE KÖNNEN DIESEN ARTIKEL NICHT HANDELN!,Этим товаром нельзя торговать!,NIE MOZESZ HANDLOWAC TYM PRZEDMIOTEM!,EZT A TÉTELET NEM KERESKEDIK!,NON PUOI COMMERCIALIZZARE QUESTO ARTICOLO!,¡NO PUEDE COMERCIAR ESTE ARTÍCULO!,TU NE PEUX PAS TRADE CET ITEM !,你不能交易那個項目！,あなたはそのアイテムを取引することはできません!,VOCÊ NÃO PODE COMERCIALIZAR ESTE ARTIGO!,你不能交易那个项目！,
tpm_empty_item_first,YOU NEED TO EMPTY THIS ITEM FIRST !,YOU NEED TO EMPTY THIS ITEM FIRST !,TENTO PŘEDMĚT MUSÍ BÝT VYPRÁZDNĚN!,SIE BRAUCHEN DIESEN ARTIKEL ZUERST LEER!,ВАМ НЕОБХОДИМО СНАЧАЛА ОПУСТОШИТЬ ДАННЫЙ ПРЕДМЕТ!,POTRZEBUJESZ TEN ARTYKUL NAJPIERW PUSTY!,KIÜLTENI KELL EZT A TÉTELET!,DEVI SVUOTARE PRIMA QUESTO ARTICOLO!,¡NECESITA VACIAR ESTE ARTÍCULO PRIMERO!,VOUS DEVEZ VIDER CETTE ITEM AVANT DE LE TRADE!,你需要先清空這個項目！,このアイテムを最初に空にする必要があります。,VOCÊ PRECISA ESVAZIAR ESTE ARTIGO PRIMEIRO!,你需要先清空这个项目！,
tpm_stockqty,STOCK QUANTITY:,STOCK QUANTITY:,MNOŽSTVÍ SKLADU:,BESTANDSMENGE:,КОЛИЧЕСТВО НА СКЛАДЕ:,WIELKOSC ZBIORÓW:,KÉSZLET MENNYISÉGE:,QUANTITÀ DI MAGAZZINO:,CANTIDAD DE STOCK:,QUANTITE EN STOCK:,庫存數量：,在庫数:,QUANTIDADE EM ESTOQUE:,库存数量：,
tpm_buyprice,BUY PRICE:,BUY PRICE:,KOUPIT CENU:,KAUFPREIS:,ЦЕНА ПОКУПКИ:,CENA KUPNA:,VÁRÁS ÁR:,ACQUISTA PREZZO:,PRECIO DE COMPRA:,PRIX D'ACHAT:,購買價格：,価格を購入する：,PREÇO DE COMPRA:,购买价格：,
tpm_sellprice,SELL PRICE:,SELL PRICE:,PRODEJNÍ CENA:,VERKAUFSPREIS:,ЦЕНА ПРОДАЖИ:,CENA SPRZEDAŻY:,ELADÁSI ÁR:,PREZZO DI VENDITA:,PRECIO DE VENTA:,PRIX DE VENTE:,售價：,販売価格：,PREÇO DE VENDA:,售价：,
tpm_slot,SLOT:,SLOT:,SLOT:,SLOT:,СЛОТ:,OTWÓR :,RÉS:,FESSURA:,ESPACIO:,SLOT:,投幣口：,スロット：,SLOT:,投币口：,
tpm_buy,BUY,BUY,KOUPIT,KAUFEN,КУПИТЬ,KUP,MEGVESZ,ACQUISTARE,COMPRAR,ACHETER,買,購入,COMPRAR,买,
tpm_sell,SELL,SELL,PRODAT,VERKAUFEN,ПРОДАТЬ,SPRZEDAĆ,ELAD,VENDERE,VENDER,VENDRE,賣,売る,VENDER,卖,
tpm_inventory,INVENTORY,INVENTORY,INVENTÁŘ,INVENTAR,ИНВЕНТАРЬ,INWENTARZ,LELTÁR,INVENTARIO,INVENTARIO,INVENTAIRE,存貨,インベントリ,INVENTÁRIO,存货,
tpm_stock,STOCK,STOCK,SKLAD,LAGER,СКЛАД,ZBIORY,KÉSZLET,AZIONE,EXISTENCIAS,STOCK,股票,在庫,ESTOQUE,股票,
tpm_product_informations,PRODUCT INFORMATIONS,PRODUCT INFORMATIONS,INFORMACE O PRODUKTU,PRODUKTINFORMATION,ИНФОРМАЦИЯ О ПРОДУКТЕ,INFORMACJE O PRODUKCIE,TERMÉK INFORMÁCIÓ,INFORMAZIONI SUL PRODOTTO,INFORMACIÓN DEL PRODUCTO,INFORMATION PRODUIT,產品信息,製品情報,INFORMAÇÃO DO PRODUTO,产品信息,
tpm_tradeqty,TRADE QUANTITY:,TRADE QUANTITY:,MNOŽSTVÍ OBCHODU:,HANDELSMENGE:,ТОРГОВОЕ КОЛИЧЕСТВО:,ILOSC HANDLOWA:,KERESKEDELMI MENNYISÉG:,QUANTITÀ COMMERCIALE:,CANTIDAD COMERCIAL:,QUANTITE  TRADE:,交易數量：,取引量:,QUANTIDADE COMERCIAL:,交易数量：,
tpm_inventory_count,INVENTORY COUNT:,INVENTORY COUNT:,POČET V INVENTÁŘI:,INVENTURZÄHLUNG:,СЧЕТЧИК ИНВЕНТАРЯ:,ILOSC ZAPASÓW:,KÉSZLET SZÃ?MOL:,CONTEGGIO D'INVENTARIO:,CUENTA DE INVENTARIO:,TOTAL DANS INVENTAIRE:,庫存數量：,インベントリ数:,CONTAGEM DE INVENTÁRIO:,库存数量：,
tpm_stock_count,STOCK COUNT:,STOCK COUNT:,POČET VE SKLADU:,LAGERZAHL:,КОЛИЧЕСТВО НА СКЛАДЕ:,LICZBA ZAPASÓW:,KÉSZLETSZÁM:,CONTEGGIO IN MAGAZZINO:,CUENTA EN STOCK:,STOCK TOTAL:,庫存數量：,在庫数:,STOCK COUNT:,库存数量：,
tpm_all,ALL,ALL,VŠE,ALLE.,ВСЕ.,WSZYSTKO.,MINDEN.,TUTTI.,TODAS.,TOUT.,全部.,すべて,TUDO.,全部.,
tpm_vehicles,VEHICLES,VEHICLES,Vozidla.,Fahrzeuge.,Транспортные средства.,Pojazdy.,Járművek.,Veicoli.,Vehículos.,VEHICULES,車輛.,車両.,Veículos.,车辆.
tpm_sellable,SELLABLE,SELLABLE,PRODEJNÉ,VERKAUFBAR.,НА ПРОДАЖУ.,SPRZEDAWALNOŚĆ.,ELADÓ.,VENDIBILE.,VENDO.,VENDABLE.,可售.,売却可能,VENDIDO.,可售.,
tpm_dont_enough_money,YOU DON'T HAVE ENOUGH MONEY!,YOU DON'T HAVE ENOUGH MONEY!,NEMÁTE DOSTATEK PENĚZ!,DU HAST NICHT GENUG GELD.,У ВАС НЕДОСТАТОЧНО ДЕНЕГ.,ZA MAŁO PIENIĘDZY.,NINCS ELÉG PÉNZE.,NON HAI ABBASTANZA SOLDI.,NO TIENES SUFICIENTE DINERO.,VOUS N'AVEZ PAS ASSEZ D'ARGENT.,你沒有足夠的錢.,あなたは十分なお金を持っていません.,VOCÊ NÃO TEM DINHEIRO SUFICIENTE.,你没有足够的钱.,
tpm_not_enough_qty_stock,THERE IS NOT ENOUGH QUANTITY IN STOCK!,THERE IS NOT ENOUGH QUANTITY IN STOCK!,NABÍZENÉ MNOŽSTVÍ NENÍ SKLADEM!,ES IST NICHT GENUG MENGE AUF LAGER.,В НАЛИЧИИ НЕДОСТАТОЧНО.,W MAGAZYNIE NIE MA WYSTARCZAJĄCEJ ILOŚCI.,RAKTÁRON NEM ELÉG A MENNYISÉG.,NON C'È ABBASTANZA QUANTITÀ IN MAGAZZINO.,NO HAY SUFICIENTE CANTIDAD EN STOCK.,IL N'Y A PAS ASSEZ DE QUANTITÉ EN STOCK.,庫存數量不足.,十分な量の在庫がありません.,NÃO HÁ QUANTIDADE SUFICIENTE EM ESTOQUE.,库存数量不足.,
tpm_sell_success,THE SELL WAS A SUCCESS!,THE SELL WAS A SUCCESS!,PRODEJ BYL ÚSPĚŠNÝ!,DER VERKAUF WAR EIN ERFOLG.,ПРОДАЖА БЫЛА УСПЕШНОЙ.,SPRZEDAŻ BYŁA SUKCESEM.,AZ ELADÁS SIKER volt.,LA VENDITA E' STATA UN SUCCESSO.,LA VENTA FUE UN ÉXITO.,LA VENTE A ÉTÉ UN SUCCÈS.,賣出成功.,売却に成功した,A VENDA FOI UM SUCESSO.,卖出成功.,
tpm_sell_failed,THE SELL HAS FAILED!,THE SELL HAS FAILED!,PRODEJ SELHAL,DER VERKAUF IST FEHLGESCHLAGEN.,ПРОДАЖА НЕ СОСТОЯЛАСЬ.,SPRZEDAŻ NIE POWIODŁA SIĘ.,Az eladás sikertelen volt.,LA VENDITA È FALLITA.,LA VENTA HA FALLADO.,LA VENTE A ÉCHOUÉ.,銷售失敗.,売却に失敗した,A VENDA FALHOU.,销售失败.,
tpm_buy_success,YOU SUCCESSFULLY GOT YOUR GOOD!,YOU SUCCESSFULLY GOT YOUR GOOD!,ÚSPĚŠNĚ SI ZÍSKAL SVÉ PŘEDMĚTY!,SIE HABEN IHR GUTES ERFOLGREICH ERHALTEN.,ВЫ УСПЕШНО ПОЛУЧИЛИ СВОЙ ТОВАР.,POMYŚLNIE OTRZYMASZ SWOJE DOBRO.,SIKERESEN JUTTAD JÓDAT.,HAI OTTENUTO CON SUCCESSO IL TUO BENE.,USTED CONSEGUIÓ EXITOSAMENTE SU BIEN.,VOUS AVEZ RÉUSSI VOTRE BIEN.,你成功地得到了你的好處.,あなたはうまくあなたの良いものを手に入れました.,VOCÊ OBTEVE SEU BEM COM SUCESSO.,你成功地得到了你的好处.,
tpm_buy_failed,YOUR GOOD WASN'T ABLE TO BE GIVEN TO YOU !,YOUR GOOD WASN'T ABLE TO BE GIVEN TO YOU !,TVÉ PŘEDMĚTY TI NEMOHLY BÝT PŘEDÁNY!,DEIN GUTES KANN DIR NICHT GEGEBEN WERDEN.,ВАШ ТОВАР НЕ МОЖЕТ БЫТЬ ВАМ ВРУЧЕН.,TWOJEGO DOBRA NIE MOŻNA CI DAĆ.,JÓDAT NEM TUDTÁNAK NEKED NEM ADNI.,IL TUO BENE NON TI ERA IN GRADO DI ESSERE DATO.,TU BIEN NO PODRÍA SER DADO.,VOTRE BIEN N'A PAS PU VOUS ÊTRE DONNÉ.,你的好東西不能給你.,購入に失敗した,SEU BEM NÃO PODERIA SER DADO A VOCÊ.,你的好东西不能给你.,
tpm_hand_attachments,HAND ATTACHMENTS,HAND ATTACHMENTS,RUČNÍ PŘÍSLUŠENSTVÍ,HANDBEFESTIGUNGEN.,АТТАЧМЕНТЫ.,PRZYSTAWKI DO RĘK.,KÉZI RENDSZEREK.,ATTACCHI A MANO.,ADJUNTOS PARA LAS MANOS.,ACCESSOIRES EN MAIN.,手動附件.,手持ち,ANEXOS DE MÃO.,手动附件.,
tpm_showall,SHOW ALL,SHOW ALL,UKÁZAT VŠE,ZEIGE ALLES.,ПОКАЗАТЬ ВСЕ.,POKAŻ WSZYSTKO.,MUTASD AZ ÖSSZESET.,MOSTRA TUTTO.,MOSTRAR TODO.,AFFICHER TOUT.,顯示所有.,すべて表示する.,MOSTRE TUDO.,显示所有.,
tpm_licence_msg,YOU DON'T HAVE THE FOLLOWING LICENSES TO USE THE TRADER:,YOU DON'T HAVE THE FOLLOWING LICENSES TO USE THE TRADER:,K POUŽÍTÍ OBCHODNÍKA NEMÁŠ NÁSLEDUJÍCÍ LICENCE:,SIE HABEN NICHT DIE FOLGENDEN LIZENZEN = UM DEN TRADER ZU BENUTZEN:.,У ВАС НЕТ СЛЕДУЮЩИХ ЛИЦЕНЗИЙ НА ИСПОЛЬЗОВАНИЕ ТРЕЙДЕРА:.,NIE POSIADASZ NASTĘPUJĄCYCH LICENCJI NA KORZYSTANIE Z PRZEDSIĘBIORCY:.,NEM VAN A KÖVETKEZŐ ENGEDÉLYEKKEL A KERESKEDŐ HASZNÁLATÁRA:.,NON HAI LE SEGUENTI LICENZE PER UTILIZZARE IL TRADER:.,USTED NO TIENE LAS SIGUIENTES LICENCIAS PARA USAR EL TRADER:.,VOUS N'AVEZ PAS LES LICENCES SUIVANTES POUR UTILISER LE COMMERCANT :.,您沒有使用交易者的以下許可：.,TRADER を使用するための次のライセンスを持っていません。.,VOCÊ NÃO TEM AS SEGUINTES LICENÇAS PARA USAR O COMERCIANTE:.,您没有使用交易者的以下许可：.,
tpm_licences,LICENSES,LICENSES,LICENCE,LIZENZEN,ЛИЦЕНЗИИ,LICENCJE,ENGEDÉLYEK,LICENZE,LICENCIAS,LICENCES,許可證,ライセンス,LICENÇAS,许可证,
tpm_money,MONEY:,MONEY:,PENÍZE:,GELD:,ДЕНЬГИ:,PIENIĄDZE:,PÉNZ:,I SOLDI:,DINERO:,ARGENT:,錢:,お金:,DINHEIRO:,钱:,
tpm_Itemname,ITEM NAME,ITEM NAME,NÁZEV POLOŽKY,ARTIKELNAME,НАЗВАНИЕ ПРЕДМЕТА,NAZWA ELEMENTU,TERMÉK NÉV,NOME DELL'ELEMENTO,NOMBRE DEL ÁRTICULO,NOM DE L'ARTICLE,項目名稱,項目名,NOME DO ITEM,项目名称,
tpm_health,HEALTH,HEALTH,ZDRAVÍ,GESUNDHEIT.,ЗДОРОВЬЕ.,ZDROWIE.,EGÉSZSÉG.,SALUTE.,SALUD.,SANTÉ.,健康.,状態,SAÚDE.,健康.,
tpm_count,COUNT,COUNT,POČET,ANZAHL.,КОЛИЧЕСТВО.,LICZYĆ.,SZÁMOL.,CONTARE.,CONTAR.,COMPTER.,數數.,数量,CONTAR.,数数.,
tpm_search,Search,Search,Vyhledat,Suche.,Поиск.,Szukaj.,Keresés.,Ricerca.,Buscar.,Rechercher.,搜索.,検索,Procurar.,搜索.,
tpm_about_the_mod,About the Mod,About the Mod,O módu,Über die Mod.,О моде.,O Mod.,A Mod-ról.,Informazioni sul mod.,Sobre el Mod.,À propos du module.,關於模組.,Modについて.,Sobre o Mod.,关于模组.,
tpm_presentation,Presentation,Presentation,Prezentace,Präsentation.,Презентация.,Prezentacja.,Bemutatás.,Presentazione.,Presentación.,Présentation.,推介會.,プレゼンテーション.,Apresentação.,推介会.,
tpm_presentation_text,My name is TheDmitri and I'm the creator of TraderPlus. That mod was created as a challenge to myself and to fill a gap in the current dayz modding gameplay. The main idea behing this mod is simple: You can only buy something that has been sold to the trader previously. In addition with that - price will be dynamic regarding the stock quantity and the state of the product to even more realism. Enjoy the mod dear survivor - it was made so you can try a complete new way of trading in dayz.,My name is TheDmitri and I'm the creator of TraderPlus. That mod was created as a challenge to myself and to fill a gap in the current dayz modding gameplay. The main idea behing this mod is simple: You can only buy something that has been sold to the trader previously. In addition with that - price will be dynamic regarding the stock quantity and the state of the product to even more realism. Enjoy the mod dear survivor - it was made so you can try a complete new way of trading in dayz.,Jmenuji se TheDmitri a jsem tvůrcem TraderPlus. Tento mod byl vytvořen jako výzva pro sebe a pro vyplnění mezery v aktuálním dayz moddingu. Hlavní myšlenka tohoto módu je jednoduchá: Můžete si koupit pouze něco - co bylo dříve prodáno obchodníkovi“. Kromě toho bude cena ještě dynamičtější z hlediska množství na skladě a stavu produktu. Užijte si mod drahý přeživší - byl vytvořen - takže si můžete vyzkoušet zcela nový způsob obchodování v dayz.,Mein Name ist TheDmitri und ich bin der Schöpfer von TraderPlus. Diese Mod wurde als Herausforderung an mich selbst erstellt und um eine Lücke im aktuellen Dayz-Modding-Gameplay zu schließen. Die Grundidee hinter diesem Mod ist einfach: \. Darüber hinaus wird der Preis in Bezug auf die Lagermenge und den Zustand des Produkts dynamisch sein - um noch mehr Realismus zu erzielen. Viel Spaß mit dem Mod - lieber Überlebender - er wurde entwickelt - damit Sie eine völlig neue Art des Handels in dayz ausprobie,"Меня зовут TheDmitri, и я являюсь создателем TraderPlus. Этот мод был создан как вызов самому себе и для того, чтобы заполнить пробел в текущем геймплее моддинга DayZ. Основная идея этого мода проста: Вы можете купить только то, что было продано торговцу ранее. В дополнение к этому - цена будет динамически изменяться в зависимости от количества запасов и состояния товара для еще большего реализма. Наслаждайтесь модом, дорогие выжившие - он был создан для того, чтобы вы могли попробовать совершенно новый способ торговли в Dayz.",Nazywam się TheDmitri i jestem twórcą TraderPlus. Ten mod został stworzony jako wyzwanie dla mnie i aby wypełnić lukę w obecnej rozgrywce dayz modowej. Główna idea tego modu jest prosta: Możesz kupić tylko coś - co zostało wcześniej sprzedane handlarzowi”. Ponadto cena będzie dynamiczna w zależności od stanu magazynowego i stanu produktu - aby uzyskać jeszcze większy realizm. Ciesz się modą - drogi ocalały - został stworzony - abyś mógł wypróbować zupełnie nowy sposób handlu w,A nevem TheDmitri - és én vagyok a TraderPlus alkotója. Ezt a modot kihívásként hoztam létre magamnak - és hogy pótoljam a jelenlegi dayz modding játékmenet hiányosságait. Ennek a modnak a fő ötlete egyszerű: \. Ezenkívül az ár dinamikusabb lesz a készletmennyiség és a termék állapota szempontjából - még realisztikusabban. Élvezze a mod kedves túlélőjét - azért készült - hogy kipróbálhassa a dayz kereskedésének teljesen új módját.,Mi chiamo TheDmitri e sono il creatore di TraderPlus. Quella mod è stata creata come una sfida per me stesso e per colmare una lacuna nell'attuale gameplay di modding di Dayz. L'idea principale alla base di questa mod è semplice: \. Inoltre - il prezzo sarà dinamico rispetto alla quantità di stock e allo stato del prodotto per un realismo ancora maggiore. Goditi la mod caro sopravvissuto - è stata creata in modo che tu possa provare un modo completamente nuovo di fare trading in dayz.,Mi nombre es TheDmitri y soy el creador de TraderPlus. Ese mod fue creado como un desafío para mí mismo y para llenar un vacío en el juego actual de modding de dayz. La idea principal detrás de este mod es simple: solo puede comprar algo que se haya vendido al comerciante anteriormente. Además de eso - el precio será dinámico con respecto a la cantidad de stock y el estado del producto con aún más realismo. Disfruta del mod - querido superviviente - se hizo para que puedas probar una forma completamente nueva de comerciar en dayz.,Je m'appelle TheDmitri et je suis le créateur de TraderPlus. Ce mod a été créé comme un défi pour moi-même et pour combler une lacune dans le gameplay de modding dayz actuel. L'idée principale derrière ce mod est simple : vous ne pouvez acheter que quelque chose qui a déjà été vendu au commerçant. De plus - le prix sera dynamique en fonction de la quantité en stock et de l'état du produit pour encore plus de réalisme. Profitez du mod cher survivant - il a été conçu pour que vous puissiez essayer une toute nouvelle façon de trader en dayz.,我的名字是 TheDmitri - 我是 TraderPlus 的創建者。 該模組是作為對我自己的挑戰而創建的，並填補了當前 dayz 模組遊戲玩法的空白。 這個模組的主要思想很簡單：你只能購買之前賣給交易者的東西。 此外，價格將根據庫存數量和產品狀態動態變化，更加真實。 享受 mod 親愛的倖存者，它的製作是為了讓您可以在 dayz 中嘗試一種全新的交易方式。,私の名前は TheDmitri で、TraderPlus の作成者です。 この mod は、私自身への挑戦として、また現在の dayz modding ゲームプレイのギャップを埋めるために作成されました。 この mod の主なアイデアは単純です。以前にトレーダーに販売されたものだけを購入することができます。 それに伴い、在庫数や商品の状態によって価格が変動し、よりリアルに価格が変動いたします。 モッド親愛なるサバイバーをお楽しみください。それは、dayz でのまったく新しい取引方法を試すことができるように作成されました。,Meu nome é TheDmitri e sou o criador do TraderPlus. Esse mod foi criado como um desafio para mim mesmo e para preencher uma lacuna na jogabilidade atual do dayz modding. A ideia principal por trás deste mod é simples: você só pode comprar algo que foi vendido para o comerciante anteriormente. Além disso - o preço será dinâmico em relação à quantidade em estoque e ao estado do produto com ainda mais realismo. Aproveite o mod caro sobrevivente - ele foi feito para que você possa experimentar uma nova forma de negociação no dayz.,我的名字是 TheDmitri - 我是 TraderPlus 的创建者。 该模组是作为对我自己的挑战而创建的，旨在填补当前 dayz 模组游戏玩法的空白。 这个模组的主要思想很简单：你只能购买之前卖给交易者的东西。 此外，价格将根据库存数量和产品状态动态变化，更加真实。 享受 mod 亲爱的幸存者，它的制作是为了让您可以在 dayz 中尝试一种全新的交易方式。,
tpm_planned_features,Planned Features,Planned Features,Plánované funkce.,Geplante Funktionen.,Планируемые функции.,Planowane funkcje.,Tervezett szolgáltatások.,Funzionalità pianificate.,Funciones planificadas.,Fonctionnalités prévues.,計劃功能.,予定されている機能.,Recursos planejados.,计划功能.,
tpm_support_dev_text,This mod represent +800 hours since developpment started in january 2021. I'm also the creator of ToxicZone - RadZone and RadZoneNukeMission among others small mods. I like making mods and bringing amazing content to dayz. If you want to support me and developpment - you can support me with a one time donation or a regular donation on my patreon !,This mod represent +800 hours since developpment started in january 2021. I'm also the creator of ToxicZone - RadZone and RadZoneNukeMission among others small mods. I like making mods and bringing amazing content to dayz. If you want to support me and developpment - you can support me with a one time donation or a regular donation on my patreon !,Tento mod predstavuje +800 hodin od zahájení vývoje v lednu 2021. Jsem také tvurcem ToxicZone - RadZone a RadZoneNukeMission - mezi jinými malými mody. Líbí se mi delat mody a prinášet úžasný obsah dayz. Pokud me chcete podporovat a rozvíjet - mužete mi pomoci jednorázovým darem nebo pravidelným darem na muj patreon!,Dieser Mod repräsentiert +800 Stunden seit Beginn der Entwicklung im Januar 2021. Ich bin auch der Schöpfer von ToxicZone - RadZone und RadZoneNukeMission unter anderen kleinen Mods. Ich mag es - Mods zu erstellen und tolle Inhalte zu dayz zu bringen. Wenn Sie mich und meine Entwicklung unterstützen möchten - können Sie mich mit einer einmaligen Spende oder einer regelmäßigen Spende auf meinem Patreon unterstützen!,Этот мод представляет собой +800 часов с момента начала разработки в январе 2021 года. Я также являюсь создателем ToxicZone - RadZone и RadZoneNukeMission среди других небольших модов. Мне нравится создавать моды и привносить удивительный контент в DayZ. Если вы хотите поддержать меня и разработку - вы можете поддержать меня разовым пожертвованием или регулярным пожертвованием на моем patreon!,Ten mod reprezentuje ponad 800 godzin od rozpoczecia prac rozwojowych w styczniu 2021 roku. Jestem równiez twórca ToxicZone - RadZone i RadZoneNukeMission miedzy innymi malymi modami. Lubie tworzyc mody i dostarczac niesamowite tresci do dayz. Jesli chcesz mnie wesprzec i rozwijac - mozesz wesprzec mnie jednorazowa darowizna lub regularna darowizna na mojego patrona !,Ez a mod +800 órát jelent a fejlesztés 2021 januárjának megkezdése óta. A ToxicZone - a RadZone és a RadZoneNukeMission alkotója vagyok - többek között a kis modok között is. Szeretek modokat készíteni és elképeszto tartalmat hozni a dayz-be. Ha támogatni akarsz engem és a fejlodést - támogathatsz egyszeri vagy rendszeres adományommal a patreonomon!,Questa mod rappresenta +800 ore dall'inizio dello sviluppo nel gennaio 2021. Sono anche il creatore di ToxicZone - RadZone e RadZoneNukeMission tra le altre piccole mod. Mi piace creare mod e portare contenuti straordinari a Dayz. Se vuoi supportarmi e lo sviluppo - puoi sostenermi con una donazione una tantum o una donazione regolare sul mio patreon!,Este mod representa +800 horas desde que comenzó el desarrollo en enero de 2021. También soy el creador de ToxicZone - RadZone y RadZoneNukeMission - entre otros pequeños mods. Me gusta hacer mods y traer contenido asombroso a Dayz. Si quieres apoyarme y desarrollarme - ¡puedes apoyarme con una donación única o una donación regular en my patreon!,Ce mod représente +800 heures depuis le début du développement en janvier 2021. Je suis également le créateur de ToxicZone - RadZone et RadZoneNukeMission entre autres de petits mods. J'aime créer des mods et apporter du contenu incroyable à dayz. Si vous souhaitez me soutenir et me développer - vous pouvez me soutenir par un don ponctuel ou un don régulier sur mon patreon !,自 2021 年 1 月開始開發以來，此模組代表了 +800 小時。我也是 ToxicZone、RadZone 和 RadZoneNukeMission 以及其他小型模組的創建者。 我喜歡製作模組並為 dayz 帶來精彩的內容。 如果您想支持我和發展，您可以在我的 patreon 上通過一次性捐贈或定期捐贈來支持我！,この mod は、2021 年 1 月に開発が開始されてから +800 時間を表しています。 私は mod を作成し、素晴らしいコンテンツを Dayz に持ち込むのが好きです。 私と開発をサポートしたい場合は、1 回限りの寄付または私の patreon への定期的な寄付で私をサポートできます。,Este mod representa +800 horas desde o início do desenvolvimento em janeiro de 2021. Também sou o criador do ToxicZone - RadZone e RadZoneNukeMission - entre outros pequenos mods. Gosto de fazer mods e trazer conteúdo incrível para o dayz. Se você quiser me apoiar e desenvolver - você pode me apoiar com uma doação única ou uma doação regular no meu patreon!,自 2021 年 1 月开始开发以来，此模组代表了 +800 小时。我也是 ToxicZone、RadZone 和 RadZoneNukeMission 以及其他小型模组的创建者。 我喜欢制作模组并为 dayz 带来精彩的内容。 如果您想支持我和发展，您可以在我的 patreon 上通过一次性捐赠或定期捐赠来支持我！,
tpm_join_trello,Join Trello,Join Trello,Přidejte se k Trello.,Trello beitreten.,Присоединяйтесь к Trello.,Dołącz do Trello.,Csatlakozzon Trellóhoz.,Unisciti a Trello.,Únete a Trello.,Rejoignez Trello.,加入 Trello.,トレロに参加.,Junte-se ao Trello.,加入 Trello.,
tpm_support_dev,Support Development With Your Help !,Support Development With Your Help !,Podpořte vývoj!,Unterstützen Sie die Entwicklung mit Ihrer Hilfe.,Поддержите разработку.,Wspieraj rozwój swoją pomocą.,Támogassa a fejlesztést az Ön segítségével.,Sostieni lo sviluppo con il tuo aiuto.,Apoye el desarrollo con su ayuda.,Soutenez le développement avec votre aide.,在您的幫助下支持開發.,あなたの助けを借りて開発をサポート.,Apoie o desenvolvimento com a sua ajuda.,在您的帮助下支持开发.,
tpm_planned_features_text,This mod has huge potential. That's why I'm planning to constantly provide new features such as a complete banking sytem for player and clan. Roaming trader that will move around the map and follow a path - schedule closing time for trader and of course - improving the mechanics of the trader itself. You're welcome to join the trello dedicated to the developpment of the mod and propose features !,This mod has huge potential. That's why I'm planning to constantly provide new features such as a complete banking sytem for player and clan. Roaming trader that will move around the map and follow a path - schedule closing time for trader and of course - improving the mechanics of the trader itself. You're welcome to join the trello dedicated to the developpment of the mod and propose features !,Tento mod má obrovský potenciál. Proto plánuji neustále poskytovat nové funkce - jako je kompletní bankovní systém pro hráče a klany. Roamingový obchodník - který se bude pohybovat po mapě a bude sledovat cestu - naplánovat uzavírací dobu pro obchodníka a samozřejmě - zdokonalit mechaniku samotného obchodníka. Jste vítáni - abyste se připojili k trello věnovanému vývoji mod a navrhovali funkce!,Dieser Mod hat ein riesiges Potenzial. Deshalb plane ich ständig neue Features wie ein komplettes Banking-System für Spieler und Clan bereitzustellen. Roaming-Händler - der sich auf der Karte bewegt und einem Pfad folgt - Planen Sie die Schließzeit für den Händler und natürlich - verbessern Sie die Mechanik des Händlers selbst. Sie sind herzlich eingeladen - sich dem Trello anzuschließen = das sich der Entwicklung des Mods widmet und Funktionen vorschlägt!,У этого мода огромный потенциал. Вот почему я планирую постоянно предоставлять новые функции, такие, как полная банковская система для игрока и клана. Блуждающий трейдер - который будет перемещаться по карте и следовать по пути - график закрытия для трейдера и, конечно же, улучшать механику самого трейдера. Приглашаем вас присоединиться к trello - посвященному разработке мода, и предлагать новые функции!,Ten mod ma ogromny potencjał. Dlatego planuję stale dostarczać nowe funkcje - takie jak kompletny system bankowy dla gracza i klanu. Wędrujący trader - który będzie poruszał się po mapie i podążał ścieżką - zaplanuj czas zamknięcia dla tradera i oczywiście - poprawi mechanikę samego tradera. Zapraszamy do dołączenia do trello poświęconego rozwojowi moda i proponowania funkcji!,Ennek a modnak hatalmas lehetőségei vannak. Ezért tervezek folyamatosan új funkciókat biztosítani = például egy teljes banki rendszert a játékosok és klánok számára. Barangoló kereskedő - amely mozog a térképen - és követi az utat - ütemezze a kereskedő zárási idejét és természetesen - javítsa maga a kereskedő mechanikáját. Szívesen csatlakozol a mod fejlesztésének szentelt trellóhoz - és javaslatot tesz a funkciókra!,Questa modalità ha un enorme potenziale. Ecco perché ho intenzione di fornire costantemente nuove funzionalità come un sistema bancario completo per giocatore e clan. Commerciante in roaming che si sposterà sulla mappa e seguirà un percorso - programmare l'orario di chiusura per il commerciante e - naturalmente - migliorare la meccanica del commerciante stesso. Ti invitiamo a unirti al trello dedicato allo sviluppo della mod e a proporre funzionalità!,Este mod tiene un gran potencial. Es por eso que planeo proporcionar constantemente nuevas funciones - como un sistema bancario completo para jugadores y clanes. Operador itinerante que se moverá por el mapa y seguirá un camino: programar la hora de cierre para el comerciante y - por supuesto mejorar la mecánica del propio comerciante. = ¡Eres bienvenido a unirte al trello dedicado al desarrollo del mod y proponer funciones!,Ce module a un énorme potentiel. C'est pourquoi je prévois de fournir constamment de nouvelles fonctionnalités telles qu'un système bancaire complet pour le joueur et le clan. Un commerçant itinérant qui se déplacera sur la carte et suivra un chemin - programmer l'heure de fermeture pour le commerçant et bien sûr - améliorer la mécanique du commerçant lui-même. N'hésitez pas à rejoindre le trello dédié au développement du mod et à proposer des fonctionnalités !,這個模組潛力巨大。 這就是為什麼我計劃不斷提供新功能，例如為玩家和部落提供完整的銀行系統。 漫遊交易者將在地圖上移動並遵循路徑 - 為交易者安排關閉時間，當然 - 改善交易者本身的機制。 歡迎您加入致力於 mod 開發的 trello 並提出功能！,この mod には大きな可能性があります。 そのため、プレイヤーとクラン向けの完全な銀行システムなどの新機能を常に提供する予定です。 地図上を移動し、経路をたどるローミングトレーダー - トレーダーの終了時間をスケジュールし、もちろんトレーダー自体のメカニズムを改善します。 mod の開発と機能の提案に特化した trello に参加することを歓迎します。,Este mod tem um potencial enorme. É por isso que estou planejando fornecer constantemente novos recursos - como um sistema bancário completo para jogadores e clãs. Comerciante itinerante que se moverá pelo mapa e seguirá um caminho - horário de fechamento programado para o trader e claro - melhorando a mecânica do próprio trader. Você é bem-vindo para se juntar ao trello dedicado ao desenvolvimento do mod e propor recursos!,这个模组潜力巨大。 这就是为什么我计划不断提供新功能，例如为玩家和部落提供完整的银行系统。 漫游交易者将在地图上移动并遵循路径 - 为交易者安排关闭时间，当然 - 改善交易者本身的机制。 欢迎您加入致力于 mod 开发的 trello 并提出功能！,
tpm_donate_paypal,Donate,Donate,Přispějte,Spenden Sie,Пожертвовать,Wpłać,Adomány,Dona,Donar,Payer un café a Dmitri,在 PayPal 上捐款.,Kofiで寄付する.,Doe.,在 Kofi 上捐款.,
tpm_become_patreon,Become a Patreon,Become a Patreon,Staňte se Patronem,Werde Patreon.,Станьте Патреоном.,Zostań Patreonem.,Legyen Patreon.,Diventa un Patreon.,Conviértete en Patreon.,Devenez Patreon.,成為Patreon.,パトロンになる.,Torne-se um Patreon.,成为Patreon.,
tpm_found_bug,Found a Bug ? a Glitch ? Need Help ?,Found a Bug ? a Glitch ? Need Help ?,Nalezl jsi Bug ? Glitch ? Potřebuješ pomoct?,Einen Fehler gefunden. eine Panne. Brauchen Sie Hilfe.,Нашли ошибку, глюк? Нужна помощь?,Znalazłem błąd. usterka. Potrzebuję pomocy.,Talált egy hibát. egy Glitch. Kell segítség.,Trovato un bug. un problema tecnico. Ho bisogno di aiuto.,Encontré un error. una falla. Necesitas ayuda.,Trouvé un bogue. un pépin. Besoin d'aide.,發現一個錯誤. 小故障. 需要幫忙.,バグが見つかりました. グリッチ. 助けが必要.,Encontrou um bug? uma falha ? Preciso de ajuda ?,发现错误？ 失败 ？ 需要帮忙 ？,
tpm_found_bug_text,If you're a player - you can report your issue to one of your admin. As server owner - You're welcome to report any bug or glitch linked to TraderPlus ( Only for that mod ) in Trello and Dmitri's Community Discord:,If you're a player - you can report your issue to one of your admin. As server owner - You're welcome to report any bug or glitch linked to TraderPlus ( Only for that mod ) in Trello and Dmitri's Community Discord:,Pokud jste hráč - můžete svůj problém nahlásit jednomu z administrátorů. Jako vlastník serveru můžete nahlásit jakoukoli chybu nebo závadu spojenou s TraderPlus (pouze pro tento mod) v Trello a Dmitri's Community Discord:,Wenn Sie ein Spieler sind - können Sie Ihr Problem einem Ihrer Administratoren melden. Als Serverbesitzer können Sie gerne jeden Fehler oder Fehler melden - der mit TraderPlus (nur für diesen Mod) in Trello und Dmitris Community Discord verbunden ist:,Если вы игрок, вы можете сообщить о своей проблеме одному из своих администраторов. Как владелец сервера вы можете сообщить о любых ошибках или сбоях, связанных с TraderPlus (только для этого мода) в Trello и сообществе Дмитрия в Discord:,Jeśli jesteś graczem - możesz zgłosić swój problem jednemu z administratorów. Jako właściciel serwera możesz zgłaszać każdy błąd lub usterkę związaną z TraderPlus (tylko dla tego modu) w Trello and Dmitri's Community Discord:,Ha játékos vagy - jelentheted a problémádat az egyik rendszergazdádnak. Szervertulajdonosként örömmel jelenthet minden hibát vagy hibát - amely a TraderPlushoz (csak erre a modra) kapcsolódik a Trello és Dmitri közösségi diszkordiban:,Se sei un giocatore - puoi segnalare il problema a uno dei tuoi amministratori. Come proprietario del server - puoi segnalare qualsiasi bug o problema tecnico collegato a TraderPlus (solo per quella mod) in Trello e nella Community Discord di Dmitri:,Si eres un jugador - puedes informar tu problema a uno de tus administradores. Como propietario del servidor - puede informar cualquier error o falla relacionada con TraderPlus (solo para ese mod) en Trello y Dmitri's Community Discord:,Si vous êtes un joueur - vous pouvez signaler votre problème à l'un de vos administrateurs. En tant que propriétaire du serveur - vous pouvez signaler tout bug ou problème lié à TraderPlus (uniquement pour ce mod) dans Trello et le Discord communautaire de Dmitri :,如果您是玩家，您可以向您的管理員報告您的問題。 作為服務器所有者，歡迎您在 Trello 和 Dmitri 的社區 Discord 中報告與 TraderPlus（僅適用於該 mod）相關的任何錯誤或故障：,あなたがプレーヤーの場合、管理者の 1 人に問題を報告できます。 サーバーの所有者として、Trello および Dmitri のコミュニティ ディスコードで、TraderPlus (その mod のみ) にリンクされたバグや不具合を報告してください。,Se você é um jogador - pode relatar seu problema a um de seus administradores. Como proprietário do servidor - você pode relatar qualquer bug ou falha ligada ao TraderPlus (somente para aquele mod) no Trello e Dmitri's Community Discord:,如果您是玩家，您可以向您的管理员报告您的问题。 作为服务器所有者，欢迎您在 Trello 和 Dmitri 的社区 Discord 中报告与 TraderPlus（仅适用于该 mod）相关的任何错误或故障:,
tpm_thanks_donators,Thanks to All Donators and Sponsors,Thanks to All Donators and Sponsors,Děkujeme všem dárcům a sponzorům,Danke an alle Spender und Sponsoren,Спасибо всем спонсорам,Podziękowania dla wszystkich darczyńców i sponsorów,Köszönet minden adományozónak és szponzornak,Grazie a tutti i donatori e sponsor,Gracias a todos los donantes y patrocinadores,Merci à tous les donateurs et sponsors,感謝所有捐助者和讚助商,すべての寄付者とスポンサーに感謝,Obrigado a todos os doadores e patrocinadores,感谢所有捐助者和赞助商,
tpm_donators_text,donations will be updated every new update,donations will be updated every new update,dary budou aktualizovány každou novou aktualizaci,Spenden werden bei jedem neuen Update aktualisiert,пожертвования будут обновляться каждое новое обновление,darowizny będą aktualizowane przy każdej nowej aktualizacji,az adományokat minden új frissítéskor frissíteni fogjuk,le donazioni verranno aggiornate ad ogni nuovo aggiornamento,las donaciones se actualizarán cada nueva actualización,les dons seront mis à jour à chaque nouvelle mise à jour,每次更新都會更新捐款,寄付は新しい更新ごとに更新されます,as doações serão atualizadas a cada nova atualização,每次更新都会更新捐款,
STR_creditcard,Credit Card,Credit Card,Kreditní karta,Kreditkarte,Кредитная карта,Karta kredytowa,Hitelkártya,Carta di credito,Tarjeta de crédito,Carte de crédit,信用卡,クレジットカード,Cartão de crédito,信用卡,
STR_creditcard_des,Premium credit card. Can be used for all kind of transaction. Still not accepted everywhere. Provided by chubby's bank.,Premium credit card. Can be used for all kind of transaction. Still not accepted everywhere. Provided by chubby's bank.,"Prémiová kreditní karta, kterou lze použít pro všechny druhy transakcí, bohužel stále není přijímána všude. Poskytuje chubbyho banka.",Premium-Kreditkarte. Kann für alle Arten von Transaktionen verwendet werden. Wird immer noch nicht überall akzeptiert. Zur Verfügung gestellt von molliger Bank.,Премиальная кредитная карта. Может использоваться для всех видов транзакций. По-прежнему не везде принимаются. Предоставлено chubby's bank.,Karta kredytowa premium. Może być używany do wszelkiego rodzaju transakcji. Wciąż nie wszędzie akceptowany. Dostarczone przez bank chubby.,Prémium hitelkártya. Minden típusú tranzakcióhoz használható. Még mindig nem mindenhol fogadják el. Pufók bankja biztosítja.,Carta di credito premium. Può essere utilizzato per tutti i tipi di transazione. Ancora non accettato ovunque. Fornito dalla banca di Chubby.,Tarjeta de crédito premium. Se puede utilizar para todo tipo de transacciones. Todavía no es aceptado en todas partes. Proporcionado por Chubby's Bank.,Carte de crédit premium. Peut être utilisé pour tout type de transaction. Toujours pas accepté partout. Fourni par la banque de Chubby.,高級信用卡。 可用於各種交易。 仍然沒有被到處接受。 由胖胖的銀行提供。,プレミアムクレジットカード。 各種お取引にご利用いただけます。 まだどこでも受け入れられません。 ぽっちゃり銀行提供。,Cartão de crédito premium. Pode ser usado para todo tipo de transação. Ainda não é aceito em todos os lugares. Fornecido pelo banco do chubby.,高级信用卡。 可用于各种交易。 仍然没有被所有地方接受。 由胖胖的银行提供。,
STR_car_receipt,Car Receipt,Car Receipt,Potvrzení o vlastnictví auta,Autoquittung,Квитанция на автомобиль,Odbiór samochodu,Autóbevétel,Ricevuta dell'auto,Recibo de coche,Reçu de voiture,汽車收據,車の領収書,Recibo do carro,汽车收据,
STR_car_receipt_des,That receipt confirm that you own a car!,That receipt confirm that you own a car!,"Toto potvrzení potvrzuje to, že vlastníš auto!",Diese Quittung bestätigt = dass Sie ein Auto besitzen!,Эта квитанция подтверждает, что у вас есть автомобиль!,Ten paragon potwierdza = że posiadasz samochód!,Ez a nyugta megerősíti = hogy Ön autóval rendelkezik!,Quella ricevuta conferma che possiedi un'auto!,¡Ese recibo confirma que eres dueño de un auto!,Ce reçu confirme que vous possédez une voiture !,該收據確認您擁有一輛車！,その領収書は、あなたが車を所有していることを証明します。,Esse recibo confirma que você possui um carro!,该收据确认您拥有一辆车！,
STR_packing_wrench,Car Packing Wrench,Car Packing Wrench,Klíč na balení auta,Autoverpackungsschlüssel,Ключ для упаковки автомобиля,Klucz do pakowania samochodów,Autós csomagoló kulcs,Autós csomagoló kulcs,Llave de embalaje de coche,Clé d'emballage de voiture,汽車包裝扳手,車のパッキングレンチ,Chave de embalagem de carro,汽车包装扳手,
STR_packing_wrench_des,That reinforced wrench allows you to pack a car!,That reinforced wrench allows you to pack a car!,Tento vyztužený klíč ti umožní sbalit auto!,Mit diesem verstärkten Schraubenschlüssel können Sie ein Auto packen!,Этот усиленный ключ позволяет упаковать машину!,Ten wzmocniony klucz pozwala spakować samochód!,Ez a megerősített kulcs lehetővé teszi = hogy csomagoljon autót!,Quella chiave rinforzata ti permette di caricare un'auto!,¡Esa llave reforzada te permite empacar un auto!,Cette clé renforcée vous permet d'emballer une voiture !,那個加強型扳手可以讓你裝車！,その強化レンチで車を詰めることができます！,Essa chave reforçada permite que você carregue um carro!,那个加强型扳手可以让你装车！,
STR_1USD,1 USD,1 USD,1 USD,1 USD,1 USD,1 USD,1 USD,1 USD,1 USD,1 USD,1 USD,1 USD,1 USD,1 USD,
STR_2USD,2 USD,2 USD,2 USD,2 USD,2 USD,2 USD,2 USD,2 USD,2 USD,2 USD,2 USD,2 USD,2 USD,2 USD,
STR_5USD,5 USD,5 USD,5 USD,5 USD,5 USD,5 USD,5 USD,5 USD,5 USD,5 USD,5 USD,5 USD,5 USD,5 USD,
STR_10USD,10 USD,10 USD,10 USD,10 USD,10 USD,10 USD,10 USD,10 USD,10 USD,10 USD,10 USD,10 USD,10 USD,10 USD,
STR_20USD,20 USD,20 USD,20 USD,20 USD,20 USD,20 USD,20 USD,20 USD,20 USD,20 USD,20 USD,20 USD,20 USD,20 USD,
STR_50USD,50 USD,50 USD,50 USD,50 USD,50 USD,50 USD,50 USD,50 USD,50 USD,50 USD,50 USD,50 USD,50 USD,50 USD,
STR_100USD,100 USD,100 USD,100 USD,100 USD,100 USD,100 USD,100 USD,100 USD,100 USD,100 USD,100 USD,100 USD,100 USD,100 USD,
STR_5EUR,5 EUR,5 EUR,5 EUR,5 EUR,5 EUR,5 EUR,5 EUR,5 EUR,5 EUR,5 EUR,5 EUR,5 EUR,5 EUR,5 EUR,
STR_10EUR,10 EUR,10 EUR,10 EUR,10 EUR,10 EUR,10 EUR,10 EUR,10 EUR,10 EUR,10 EUR,10 EUR,10 EUR,10 EUR,10 EUR,
STR_20EUR,20 EUR,20 EUR,20 EUR,20 EUR,20 EUR,20 EUR,20 EUR,20 EUR,20 EUR,20 EUR,20 EUR,20 EUR,20 EUR,20 EUR,
STR_50EUR,50 EUR,50 EUR,50 EUR,50 EUR,50 EUR,50 EUR,50 EUR,50 EUR,50 EUR,50 EUR,50 EUR,50 EUR,50 EUR,50 EUR,
STR_100EUR,100 EUR,100 EUR,100 EUR,100 EUR,100 EUR,100 EUR,100 EUR,100 EUR,100 EUR,100 EUR,100 EUR,100 EUR,100 EUR,100 EUR,
STR_200EUR,200 EUR,200 EUR,200 EUR,200 EUR,200 EUR,200 EUR,200 EUR,200 EUR,200 EUR,200 EUR,200 EUR,200 EUR,200 EUR,200 EUR,
STR_500EUR,500 EUR,500 EUR,500 EUR,500 EUR,500 EUR,500 EUR,500 EUR,500 EUR,500 EUR,500 EUR,500 EUR,500 EUR,500 EUR,500 EUR,
STR_5RUB,5 RUB,5 RUB,5 RUB,5 RUB,5 RUB,5 RUB,5 RUB,5 RUB,5 RUB,5 RUB,5 RUB,5 RUB,5 RUB,5 RUB,
STR_10RUB,10 RUB,10 RUB,10 RUB,10 RUB,10 RUB,10 RUB,10 RUB,10 RUB,10 RUB,10 RUB,10 RUB,10 RUB,10 RUB,10 RUB,
STR_50RUB,50 RUB,50 RUB,50 RUB,50 RUB,50 RUB,50 RUB,50 RUB,50 RUB,50 RUB,50 RUB,50 RUB,50 RUB,50 RUB,50 RUB,
STR_100RUB,100 RUB,100 RUB,100 RUB,100 RUB,100 RUB,100 RUB,100 RUB,100 RUB,100 RUB,100 RUB,100 RUB,100 RUB,100 RUB,100 RUB,
STR_200RUB,200 RUB,200 RUB,200 RUB,200 RUB,200 RUB,200 RUB,200 RUB,200 RUB,200 RUB,200 RUB,200 RUB,200 RUB,200 RUB,200 RUB,
STR_500RUB,500 RUB,500 RUB,500 RUB,500 RUB,500 RUB,500 RUB,500 RUB,500 RUB,500 RUB,500 RUB,500 RUB,500 RUB,500 RUB,500 RUB,
STR_1000RUB,1000 RUB,1000 RUB,1000 RUB,1000 RUB,1000 RUB,1000 RUB,1000 RUB,1000 RUB,1000 RUB,1000 RUB,1000 RUB,1000 RUB,1000 RUB,1000 RUB,
STR_2000RUB,2000 RUB,2000 RUB,2000 RUB,2000 RUB,2000 RUB,2000 RUB,2000 RUB,2000 RUB,2000 RUB,2000 RUB,2000 RUB,2000 RUB,2000 RUB,2000 RUB,
STR_5000RUB,5000 RUB,5000 RUB,5000 RUB,5000 RUB,5000 RUB,5000 RUB,5000 RUB,5000 RUB,5000 RUB,5000 RUB,5000 RUB,5000 RUB,5000 RUB,5000 RUB,
STR_USD_des,Remains of the US occupation before the outbreak of the epedemia.,Remains of the US occupation before the outbreak of the epedemia.,Pozůstatky z americké okupace před vypuknutím epidémie.,Überreste der US-Besatzung vor Ausbruch der Epidemie.,Остатки американской оккупации до вспышки эпидемии.,Pozostałości po okupacji amerykańskiej przed wybuchem epedemii.,Az Egyesült Államok megszállásának maradványai az epedémia kitörése előtt.,Resti dell'occupazione statunitense prima dello scoppio dell'epidemia.,Restos de la ocupación estadounidense antes del estallido de la epedemia.,Restes de l'occupation américaine avant le déclenchement de l'épidémie.,瘟疫爆發前美國占領的遺跡。,疫病が流行する前のアメリカ占領の名残。,Restos da ocupação americana antes do início da epedemia.,瘟疫爆发前美国占领的遗迹。,
STR_EUR_des,European money before the outbreak of the epedemia.,European money before the outbreak of the epedemia.,Evropské peníze které byly používány před vypuknutím epidémie.,Europäisches Geld vor Ausbruch der Epidemie.,Европейские деньги до начала эпидемии.,Europejskie pieniądze przed wybuchem epedemii.,Európai pénz az epedémia kitörése előtt.,Soldi europei prima dello scoppio dell'epidemia.,Dinero europeo antes del estallido de la epedemia.,L'argent européen avant le déclenchement de l'épidémie.,疫情爆發前的歐洲錢。,疫病が発生する前のヨーロッパのお金,Dinheiro europeu antes da eclosão da epedemia.,疫情爆发前的欧洲钱。,
STR_RUB_des,This Currency was used in Chernarus before the Disease. It is now only used for trading.,This Currency was used in Chernarus before the Disease. It is now only used for trading.,Peníze které byly používány v Chernarusi před vypuknutím epidemie. Momentálně jsou používány pouze k obchodním záležitostem.,Europäisches Geld vor Ausbruch der Epidemie.,Европейские деньги до начала эпидемии.,Europejskie pieniądze przed wybuchem epedemii.,Európai pénz az epedémia kitörése előtt.,Soldi europei prima dello scoppio dell'epidemia.,Dinero europeo antes del estallido de la epedemia.,L'argent européen avant le déclenchement de l'épidémie.,疫情爆發前的歐洲錢。,この通貨は、疫病が流行する前のチェルナルスで使われていました。現在はトレードにのみ利用されている。,Dinheiro europeu antes da eclosão da epedemia.,疫情爆发前的欧洲钱。,
STR_Wallet,Wallet,Wallet,Peněženka,Brieftasche,Кошелек,Portfel,Pénztárca,Cartera,Portefeuille,錢包,財布,Carteira,钱包,
STR_Wallet_des,Old wallet that can carry money,Old wallet that can carry money,Stará peněženka - která unese peníze,Alte Brieftasche - die Geld tragen kann,Старый кошелек - в котором можно носить деньги,Stary portfel - który może przewozić pieniądze,Régi pénztárca - amely pénzt hordozhat,Vecchio portafoglio che può trasportare soldi,Cartera vieja que puede llevar dinero.,Vieux portefeuille qui peut transporter de l'argent,可以裝錢的舊錢包,お金を運ぶことができる古い財布,Carteira velha que pode levar dinheiro,可以装钱的旧钱包,